<?xml version="1.0" encoding="UTF-8"?>
<databaseChangeLog
        xmlns="http://www.liquibase.org/xml/ns/dbchangelog"
        xmlns:xsi="http://www.w3.org/2001/XMLSchema-instance"
        xsi:schemaLocation="http://www.liquibase.org/xml/ns/dbchangelog
                      http://www.liquibase.org/xml/ns/dbchangelog/dbchangelog-5.0.xsd"
        objectQuotingStrategy="QUOTE_ONLY_RESERVED_WORDS">
    <changeSet id="1765351041118-1" author="naduc1">
        <createTable tableName="singers">
            <column name="id" type="UUID">
                <constraints nullable="false" primaryKey="true" primaryKeyName="pk_singers"/>
            </column>
            <column name="name" type="VARCHAR(255)"/>
            <column name="age" type="INT">
                <constraints nullable="false"/>
            </column>
        </createTable>
    </changeSet>

</databaseChangeLog>