<?xml version="1.0" encoding="UTF-8"?>
<databaseChangeLog
        xmlns="http://www.liquibase.org/xml/ns/dbchangelog"
        xmlns:xsi="http://www.w3.org/2001/XMLSchema-instance"
        xsi:schemaLocation="http://www.liquibase.org/xml/ns/dbchangelog
                      http://www.liquibase.org/xml/ns/dbchangelog/dbchangelog-5.0.xsd"
        objectQuotingStrategy="QUOTE_ONLY_RESERVED_WORDS">
    <changeSet id="1765445614357-1" author="naduc1">
        <createTable tableName="play_lists">
            <column name="id" type="UUID">
                <constraints nullable="false" primaryKey="true" primaryKeyName="pk_play_lists"/>
            </column>
            <column name="created_time" type="DATETIME"/>
            <column name="last_updated_time" type="DATETIME"/>
            <column name="deleted_time" type="DATETIME"/>
            <column name="name" type="VARCHAR(255)"/>
            <column name="description" type="VARCHAR(255)"/>
            <column name="singer_id" type="UUID"/>
        </createTable>
    </changeSet>
    <changeSet id="1765445614357-2" author="naduc1">
        <addForeignKeyConstraint baseColumnNames="play_list_id" baseTableName="musics"
                                 constraintName="FK_MUSICS_ON_PLAY_LIST" referencedColumnNames="id"
                                 referencedTableName="play_lists"/>
    </changeSet>
    <changeSet id="1765445614357-3" author="naduc1">
        <addForeignKeyConstraint baseColumnNames="singer_id" baseTableName="musics" constraintName="FK_MUSICS_ON_SINGER"
                                 referencedColumnNames="id" referencedTableName="singers"/>
    </changeSet>
    <changeSet id="1765445614357-4" author="naduc1">
        <addForeignKeyConstraint baseColumnNames="singer_id" baseTableName="play_lists"
                                 constraintName="FK_PLAY_LISTS_ON_SINGER" referencedColumnNames="id"
                                 referencedTableName="singers"/>
    </changeSet>

</databaseChangeLog>