<?xml version="1.0" encoding="UTF-8"?>
<databaseChangeLog
        xmlns="http://www.liquibase.org/xml/ns/dbchangelog"
        xmlns:xsi="http://www.w3.org/2001/XMLSchema-instance"
        xsi:schemaLocation="http://www.liquibase.org/xml/ns/dbchangelog
                      http://www.liquibase.org/xml/ns/dbchangelog/dbchangelog-5.0.xsd"
        objectQuotingStrategy="QUOTE_ONLY_RESERVED_WORDS">
    <changeSet id="1765426586752-1" author="naduc1">
        <addColumn tableName="singers">
            <column name="created_time" type="DATETIME"/>
            <column name="deleted_time" type="DATETIME"/>
            <column name="last_updated_time" type="DATETIME"/>
        </addColumn>
    </changeSet>
    <changeSet id="1765426586752-4" author="naduc1">
        <dropColumn columnName="createdtime" tableName="singers"/>

        <dropColumn columnName="deletedtime" tableName="singers"/>

        <dropColumn columnName="lastupdatedtime" tableName="singers"/>
    </changeSet>

</databaseChangeLog>