<?xml version="1.0" encoding="UTF-8"?>
<databaseChangeLog
        xmlns="http://www.liquibase.org/xml/ns/dbchangelog"
        xmlns:xsi="http://www.w3.org/2001/XMLSchema-instance"
        xsi:schemaLocation="http://www.liquibase.org/xml/ns/dbchangelog
                      http://www.liquibase.org/xml/ns/dbchangelog/dbchangelog-5.0.xsd"
        objectQuotingStrategy="QUOTE_ONLY_RESERVED_WORDS">
    <changeSet id="1765867551020-1" author="naduc1">
        <addColumn tableName="singers">
            <column name="avatar_url" type="VARCHAR(255)"/>
        </addColumn>
    </changeSet>
    <changeSet id="1765867551020-2" author="naduc1">
        <addColumn tableName="musics">
            <column name="duration" type="INT"/>
        </addColumn>
    </changeSet>
    <changeSet id="1765867551020-3" author="naduc1">
        <addNotNullConstraint columnName="duration" tableName="musics"/>
    </changeSet>
    <changeSet id="1765867551020-4" author="naduc1">
        <addColumn tableName="play_lists">
            <column name="imageUrl" type="VARCHAR(255)"/>
        </addColumn>
    </changeSet>

</databaseChangeLog>